move,type,power,pp,letters,wildcard,roles,contest_starter,contest_followups
POUND,NORMAL,40,35,LFP,Y,Lp Fs Px,POUND,
KARATE_CHOP,FIGHTING,50,25,KU,,Kp Up,0,FOCUS_ENERGY
DOUBLE_SLAP,NORMAL,15,10,FP,,Fp Px,0,POUND
COMET_PUNCH,NORMAL,18,15,FP,,Fp Pp,0,
MEGA_PUNCH,NORMAL,80,20,PL,,Pp Lp,0,FOCUS_ENERGY MIND_READER
PAY_DAY,NORMAL,40,20,N,Y,Nx,0,
FIRE_PUNCH,FIRE,75,15,PS,,Pp Sp,FIRE_PUNCH,SUNNY_DAY THUNDER_PUNCH ICE_PUNCH
ICE_PUNCH,ICE,75,15,PI,,Pp Ip,ICE_PUNCH,THUNDER_PUNCH FIRE_PUNCH
THUNDER_PUNCH,ELECTRIC,75,15,PC,,Pp Cp,THUNDER_PUNCH,CHARGE FIRE_PUNCH ICE_PUNCH
SCRATCH,NORMAL,40,35,LU,Y,Lp Ux,SCRATCH,LEER
VICE_GRIP,NORMAL,55,30,BL,,Bs Lp,VICE_GRIP,
RAZOR_WIND,NORMAL,80,10,UW,,Up Wp,0,
SWORDS_DANCE,NORMAL,0,30,DU,,Ds Us,SWORDS_DANCE,
CUT,NORMAL,50,30,UL,,Up Lp,0,SWORDS_DANCE
GUST,FLYING,40,35,WR,Y,Ws Rx,0,
WING_ATTACK,FLYING,60,35,WA,,Wp Ax,0,
WHIRLWIND,NORMAL,0,20,WT,Y,Ws Tx,0,
FLY,FLYING,70,15,WR,,Wp Rx,0,
BIND,NORMAL,15,20,BF,Y,Bs Fx,0,VICE_GRIP
SLAM,NORMAL,80,20,LB,,Lp Bp,0,POUND
VINE_WHIP,GRASS,35,10,GB,Y,Gs Bs,0,GROWTH
STOMP,NORMAL,65,20,AT,,Ap Tp,0,
DOUBLE_KICK,FIGHTING,30,30,KF,Y,Kx Fp,0,
MEGA_KICK,NORMAL,120,5,K,,Kp,0,FOCUS_ENERGY MIND_READER
JUMP_KICK,FIGHTING,70,25,KW,,Kp Wx,0,MIND_READER
ROLLING_KICK,FIGHTING,60,15,KA,,Kp Ax,0,
SAND_ATTACK,GROUND,0,15,QN,Y,Qs Ns,SAND_ATTACK,MUD_SLAP SANDSTORM
HEADBUTT,NORMAL,70,15,AH,,Ap Hx,0,FOCUS_ENERGY
HORN_ATTACK,NORMAL,65,25,LF,,Lp Fs,HORN_ATTACK,LEER
FURY_ATTACK,NORMAL,15,20,FL,Y,Fp Lx,0,HORN_ATTACK PECK
TACKLE,NORMAL,35,35,LHA,Y,Lp Hp Ax,0,DEFENSE_CURL LEER HARDEN
BODY_SLAM,NORMAL,85,15,CL,,Cs Lp,0,
WRAP,NORMAL,15,20,BF,Y,Bs Fx,0,
TAKE_DOWN,NORMAL,90,20,H,,Hp,0,FOCUS_ENERGY HARDEN
THRASH,NORMAL,90,20,X,,Xp,0,RAGE
DOUBLE_EDGE,NORMAL,120,15,X,,Xp,0,FOCUS_ENERGY HARDEN
TAIL_WHIP,NORMAL,0,30,LV,Y,Ls Vx,0,CHARM
POISON_STING,POISON,15,35,OF,Y,Os Fx,0,
TWINEEDLE,BUG,25,20,FO,,Fp Op,0,
PIN_MISSILE,BUG,14,20,FA,,Fp Ax,0,
LEER,NORMAL,0,30,LN,Y,Ls Ns,LEER,RAGE SCARY_FACE
BITE,DARK,60,25,NA,,Np Ap,0,LEER SCARY_FACE
GROWL,NORMAL,0,40,VY,Y,Vs Ys,0,CHARM
ROAR,NORMAL,0,20,VW,,Vs Ws,0,
SING,NORMAL,0,15,VZ,,Vs Zs,SING,
SUPERSONIC,NORMAL,0,20,VZ,Y,Vs Zs,0,
ACID,POISON,40,30,LO,Y,Ls Os,0,
EMBER,FIRE,40,25,SO,Y,Sp Os,0,SUNNY_DAY
FLAMETHROWER,FIRE,95,15,S,,Sp,0,SUNNY_DAY
MIST,ICE,0,30,YI,Y,Ys Is,0,
WATER_GUN,WATER,40,25,RQ,Y,Rp Qx,0,RAIN_DANCE WATER_SPORT MUD_SPORT
HYDRO_PUMP,WATER,120,5,R,,Rp,0,RAIN_DANCE
SURF,WATER,95,15,R,,Rp,SURF,RAIN_DANCE DIVE
ICE_BEAM,ICE,95,10,I,,Ip,0,
BLIZZARD,ICE,120,5,I,,Ip,0,POWDER_SNOW HAIL
PSYBEAM,PSYCHIC,65,20,MZ,,Mp Zs,0,CALM_MIND
BUBBLE_BEAM,WATER,65,20,RT,,Rp Ts,0,RAIN_DANCE
AURORA_BEAM,ICE,65,20,IY,,Ip Ys,0,
HYPER_BEAM,NORMAL,150,5,X,,Xp,0,
PECK,FLYING,35,35,WFA,Y,Wp Fx Ax,PECK,
DRILL_PECK,FLYING,80,20,W,,Wp,0,PECK
SUBMISSION,FIGHTING,80,25,K,,Kp,0,MIND_READER
LOW_KICK,FIGHTING,1,20,KT,,Kp Tx,0,
COUNTER,FIGHTING,1,20,EK,,Ep Kx,0,TAUNT
SEISMIC_TOSS,FIGHTING,1,20,KE,,Kp Ex,0,FAKE_OUT
STRENGTH,NORMAL,80,15,HL,,Hp Lp,0,
ABSORB,GRASS,20,20,GO,Y,Gp Ox,0,GROWTH
MEGA_DRAIN,GRASS,40,10,GO,,Gp Ox,0,GROWTH
LEECH_SEED,GRASS,0,10,GO,,Gs Os,0,
GROWTH,NORMAL,0,40,GS,,Gs Ss,GROWTH,
RAZOR_LEAF,GRASS,55,25,GU,,Gp Up,0,GROWTH
SOLAR_BEAM,GRASS,120,10,SG,,Sp Gp,0,SUNNY_DAY GROWTH
POISON_POWDER,POISON,0,35,OG,Y,Os Gs,0,SWEET_SCENT
STUN_SPORE,GRASS,0,30,CG,,Cs Gs,0,SWEET_SCENT
SLEEP_POWDER,GRASS,0,15,ZG,,Zs Gs,0,SWEET_SCENT
PETAL_DANCE,GRASS,70,20,GD,,Gp Dp,0,GROWTH
STRING_SHOT,BUG,0,40,TB,Y,Ts Bs,STRING_SHOT,
DRAGON_RAGE,DRAGON,1,10,AE,,Ap Ex,DRAGON_RAGE,DRAGON_BREATH DRAGON_DANCE
FIRE_SPIN,FIRE,15,15,BS,,Bs Ss,0,SUNNY_DAY
THUNDER_SHOCK,ELECTRIC,40,30,CA,Y,Cs Ax,0,CHARGE
THUNDERBOLT,ELECTRIC,95,15,C,,Cp,0,CHARGE
THUNDER_WAVE,ELECTRIC,0,20,CT,,Cs Ts,0,CHARGE
THUNDER,ELECTRIC,120,10,CR,,Cp Rp,0,CHARGE RAIN_DANCE LOCK_ON
ROCK_THROW,ROCK,50,15,QA,Y,Qp Ax,ROCK_THROW,
EARTHQUAKE,GROUND,100,10,Q,,Qp,EARTHQUAKE,
DIG,GROUND,60,10,QA,,Qp Ax,0,
TOXIC,POISON,0,10,O,,Os,0,
CONFUSION,PSYCHIC,50,25,MZ,Y,Mp Zs,CONFUSION,PSYCHIC KINESIS CALM_MIND
PSYCHIC,PSYCHIC,90,10,M,,Mp,PSYCHIC,KINESIS CONFUSION CALM_MIND
HYPNOSIS,PSYCHIC,0,20,ZM,,Zs Ms,HYPNOSIS,
MEDITATE,PSYCHIC,0,40,UP,Y,Us Ps,0,CALM_MIND
AGILITY,PSYCHIC,0,30,TM,,Ts Ms,0,DOUBLE_TEAM
QUICK_ATTACK,NORMAL,40,30,AT,Y,Ap Tp,0,DOUBLE_TEAM
RAGE,NORMAL,20,20,UE,Y,Up Ex,RAGE,
TELEPORT,PSYCHIC,0,20,TY,Y,Tx Yx,0,DOUBLE_TEAM PSYCHIC KINESIS CONFUSION
NIGHT_SHADE,GHOST,1,15,N,,Np,0,
MIMIC,NORMAL,0,10,,Y,,0,
SCREECH,NORMAL,0,40,LV,,Ls Vs,0,
RECOVER,NORMAL,0,20,Y,,Ys,0,
HARDEN,NORMAL,0,30,HY,Y,Hs Ys,HARDEN,
SMOKESCREEN,NORMAL,0,20,NS,Y,Ns Ss,0,SMOG
CONFUSE_RAY,GHOST,0,10,ZN,,Zs Ns,0,
WITHDRAW,WATER,0,40,HR,Y,Hs Rs,0,RAIN_DANCE
DEFENSE_CURL,NORMAL,0,40,HF,Y,Hs Fs,DEFENSE_CURL,
BARRIER,PSYCHIC,0,30,HM,,Hs Ms,0,
LIGHT_SCREEN,PSYCHIC,0,30,YM,,Ys Ms,0,CALM_MIND
HAZE,ICE,0,30,IY,,Is Yx,0,
REFLECT,PSYCHIC,0,20,YH,,Ys Hs,0,CALM_MIND
FOCUS_ENERGY,NORMAL,0,30,UK,,Us Ks,FOCUS_ENERGY,
BIDE,NORMAL,1,10,EH,,Ep Hx,0,
METRONOME,NORMAL,0,10,,Y,,0,
MIRROR_MOVE,FLYING,0,20,,Y,,0,
SELF_DESTRUCT,NORMAL,200,5,X,,Xp,0,
EGG_BOMB,NORMAL,100,10,X,,Xp,0,SOFT_BOILED
LICK,GHOST,20,30,CA,Y,Cs Ax,0,
SMOG,POISON,20,20,OS,Y,Os Ss,SMOG,
SLUDGE,POISON,65,20,O,,Op,SLUDGE,SLUDGE_BOMB
BONE_CLUB,GROUND,65,20,QA,,Qp Ap,BONE_CLUB,BONEMERANG BONE_RUSH
FIRE_BLAST,FIRE,120,5,S,,Sp,0,SUNNY_DAY
WATERFALL,WATER,80,15,R,,Rp,0,RAIN_DANCE
CLAMP,WATER,35,10,BR,,Bs Rs,0,RAIN_DANCE
SWIFT,NORMAL,60,20,TA,,Tp Ax,0,
SKULL_BASH,NORMAL,100,15,H,,Hp,0,
SPIKE_CANNON,NORMAL,20,15,FQ,,Fp Qx,0,
CONSTRICT,NORMAL,10,35,BT,Y,Bs Ts,0,
AMNESIA,PSYCHIC,0,20,MH,,Ms Hs,0,
KINESIS,PSYCHIC,0,15,MN,Y,Ms Ns,KINESIS,PSYCHIC CONFUSION
SOFT_BOILED,NORMAL,0,10,Y,,Ys,SOFT_BOILED,
HI_JUMP_KICK,FIGHTING,85,20,K,,Kp,0,MIND_READER
GLARE,NORMAL,0,30,CN,,Cs Ns,0,LEER
DREAM_EATER,PSYCHIC,100,15,ZM,,Zp Mp,0,HYPNOSIS CALM_MIND
POISON_GAS,POISON,0,40,OW,Y,Os Ws,0,
BARRAGE,NORMAL,15,20,FA,Y,Fp Ax,0,
LEECH_LIFE,BUG,20,15,OG,Y,Op Gx,0,
LOVELY_KISS,NORMAL,0,10,Z,,Zs,0,
SKY_ATTACK,FLYING,140,5,W,,Wp,0,
TRANSFORM,NORMAL,0,10,,Y,,0,
BUBBLE,WATER,20,30,RT,Y,Rs Ts,0,RAIN_DANCE
DIZZY_PUNCH,NORMAL,70,10,PZ,,Pp Zs,0,
SPORE,GRASS,0,15,ZG,,Zs Gs,0,
FLASH,NORMAL,0,20,NS,Y,Ns Ss,0,
PSYWAVE,PSYCHIC,1,15,ME,,Mp Ex,0,CALM_MIND
SPLASH,NORMAL,0,40,,Y,,0,
ACID_ARMOR,POISON,0,40,HO,,Hs Os,0,
CRABHAMMER,WATER,90,10,R,,Rp,0,RAIN_DANCE SWORDS_DANCE
EXPLOSION,NORMAL,250,5,X,,Xp,0,
FURY_SWIPES,NORMAL,18,15,FL,Y,Fp Lx,0,SCRATCH
BONEMERANG,GROUND,50,10,QF,,Qp Fp,BONEMERANG,BONE_CLUB BONE_RUSH
REST,PSYCHIC,0,10,ZY,,Zs Ys,REST,BELLY_DRUM CHARM YAWN
ROCK_SLIDE,ROCK,75,10,QA,,Qp Ap,0,ROCK_THROW
HYPER_FANG,NORMAL,80,15,AN,,Ap Np,0,
SHARPEN,NORMAL,0,30,U,Y,Us,0,
CONVERSION,NORMAL,0,30,,Y,,0,
TRI_ATTACK,NORMAL,80,10,SCI,,Sp Cp Ip,0,LOCK_ON
SUPER_FANG,NORMAL,1,10,NE,,Np Ep,0,SCARY_FACE
SLASH,NORMAL,70,20,UN,,Up Np,0,SWORDS_DANCE SCRATCH
SKETCH,NORMAL,0,1,,Y,,0,
TRIPLE_KICK,FIGHTING,10,10,KF,,Kp Fp,0,FOCUS_ENERGY
THIEF,DARK,40,10,NA,Y,Np Ax,0,
SPIDER_WEB,BUG,0,10,B,,Bs,0,STRING_SHOT
NIGHTMARE,GHOST,0,15,ZN,,Zp Ns,0,HYPNOSIS
FLAME_WHEEL,FIRE,60,25,SA,,Sp Ax,0,SUNNY_DAY
SNORE,NORMAL,40,15,ZV,Y,Zp Vp,0,REST
CURSE,MYSTERY,0,10,UH,,Us Hs,CURSE,
FLAIL,NORMAL,1,15,E,,Ep,0,ENDURE
CONVERSION_2,NORMAL,0,30,,Y,,0,
AEROBLAST,FLYING,100,5,W,,Wp,0,
COTTON_SPORE,GRASS,0,40,TG,,Ts Gs,0,
REVERSAL,FIGHTING,1,15,EK,,Ep Kp,0,ENDURE
POWDER_SNOW,ICE,40,25,IW,Y,Ip Wx,POWDER_SNOW,HAIL
PROTECT,NORMAL,0,10,YH,,Ys Hs,0,HARDEN
MACH_PUNCH,FIGHTING,40,30,PA,Y,Pp Ap,0,
SCARY_FACE,NORMAL,0,10,TN,,Ts Ns,SCARY_FACE,RAGE LEER
FAINT_ATTACK,DARK,60,20,NA,,Np Ax,0,FAKE_OUT LEER POUND
SWEET_KISS,NORMAL,0,10,ZV,Y,Zs Vx,0,CHARM
BELLY_DRUM,NORMAL,0,10,UE,,Us Es,BELLY_DRUM,
SLUDGE_BOMB,POISON,90,10,O,,Op,SLUDGE_BOMB,SLUDGE
MUD_SLAP,GROUND,20,10,QN,Y,Qs Ns,MUD_SLAP,SAND_ATTACK MUD_SPORT SANDSTORM
OCTAZOOKA,WATER,65,10,RN,,Rp Ns,0,RAIN_DANCE LOCK_ON
SPIKES,GROUND,0,20,QO,,Qs Os,0,
ZAP_CANNON,ELECTRIC,100,5,C,,Cp,0,LOCK_ON
ICY_WIND,ICE,55,15,IT,,Ip Ts,0,
DETECT,FIGHTING,0,5,YK,,Ys Ks,0,TAUNT
BONE_RUSH,GROUND,25,10,QF,,Qp Fp,BONE_RUSH,FOCUS_ENERGY BONE_CLUB BONEMERANG
LOCK_ON,NORMAL,0,5,CB,,Cs Bs,LOCK_ON,
OUTRAGE,DRAGON,90,15,U,,Up,0,
SANDSTORM,ROCK,0,10,QW,,Qs Ws,SANDSTORM,
GIGA_DRAIN,GRASS,60,5,G,,Gp,0,GROWTH
CHARM,NORMAL,0,20,YV,,Ys Vs,CHARM,
ROLLOUT,ROCK,30,20,FH,,Fp Hp,0,DEFENSE_CURL HARDEN
FALSE_SWIPE,NORMAL,40,40,UN,Y,Ux Nx,0,SWORDS_DANCE
SWAGGER,NORMAL,0,15,,Y,,0,
MILK_DRINK,NORMAL,0,10,Y,,Ys,0,
SPARK,ELECTRIC,65,20,CA,,Cp Ap,0,CHARGE
FURY_CUTTER,BUG,10,20,FU,Y,Fp Ux,0,SWORDS_DANCE
STEEL_WING,STEEL,70,25,WH,,Wp Hs,0,
MEAN_LOOK,NORMAL,0,5,BN,,Bs Ns,MEAN_LOOK,CURSE
ATTRACT,NORMAL,0,15,,Y,,0,
SLEEP_TALK,NORMAL,0,10,Z,Y,Zx,0,REST
HEAL_BELL,NORMAL,0,5,YV,,Ys Vs,0,
RETURN,NORMAL,1,20,Y,,Yp,0,
FRUSTRATION,NORMAL,1,20,EN,,Ep Np,0,
SAFEGUARD,NORMAL,0,25,Y,,Ys,0,
SACRED_FIRE,FIRE,100,5,S,,Sp,0,SUNNY_DAY
MAGNITUDE,GROUND,1,30,Q,,Qp,0,
DYNAMIC_PUNCH,FIGHTING,100,5,P,,Pp,0,FOCUS_ENERGY MIND_READER
MEGAHORN,BUG,120,10,X,,Xp,0,
DRAGON_BREATH,DRAGON,60,20,CS,,Cs Sx,DRAGON_BREATH,DRAGON_RAGE DRAGON_DANCE
BATON_PASS,NORMAL,0,40,T,Y,Ts,0,
PURSUIT,DARK,40,20,NA,Y,Np Ap,0,
RAPID_SPIN,NORMAL,20,40,HT,Y,Hx Tx,0,
SWEET_SCENT,NORMAL,0,20,GN,Y,Gs Ns,SWEET_SCENT,
IRON_TAIL,STEEL,100,15,L,,Lp,0,
METAL_CLAW,STEEL,50,35,UH,Y,Up Hx,0,METAL_SOUND
VITAL_THROW,FIGHTING,70,10,KT,,Kp Tx,0,FAKE_OUT
MORNING_SUN,NORMAL,0,5,SY,,Ss Ys,0,SUNNY_DAY
SYNTHESIS,GRASS,0,5,GY,,Gs Ys,0,SUNNY_DAY
MOONLIGHT,NORMAL,0,5,YN,,Ys Ns,0,SUNNY_DAY
HIDDEN_POWER,NORMAL,1,15,,Y,,0,
CROSS_CHOP,FIGHTING,100,5,K,,Kp,0,FOCUS_ENERGY
TWISTER,DRAGON,40,20,WR,Y,Wp Rx,0,
RAIN_DANCE,WATER,0,5,RCD,,Rs Cs Ds,RAIN_DANCE,
SUNNY_DAY,FIRE,0,5,S,,Ss,SUNNY_DAY,
CRUNCH,DARK,80,15,NL,,Np Lp,0,SCARY_FACE
PSYCH_UP,NORMAL,0,10,U,Y,Us,0,
EXTREME_SPEED,NORMAL,80,5,A,,Ap,0,
ANCIENT_POWER,ROCK,60,5,Q,,Qp,0,
SHADOW_BALL,GHOST,80,15,N,,Np,0,
FUTURE_SIGHT,PSYCHIC,80,15,M,,Mp,0,PSYCHIC KINESIS CONFUSION CALM_MIND
ROCK_SMASH,FIGHTING,20,15,KL,Y,Kp Ls,0,
WHIRLPOOL,WATER,15,15,BR,,Bs Rs,0,RAIN_DANCE
BEAT_UP,DARK,10,10,NY,,Np Yp,0,
FAKE_OUT,NORMAL,40,10,AN,Y,As Ns,FAKE_OUT,
HEAT_WAVE,FIRE,100,10,S,,Sp,0,SUNNY_DAY
HAIL,ICE,0,10,I,,Is,HAIL,
FLATTER,DARK,0,15,,Y,,0,CHARM
WILL_O_WISP,FIRE,0,15,OS,,Os Ss,0,SUNNY_DAY
MEMENTO,DARK,0,10,EY,,Es Ys,0,
FACADE,NORMAL,70,20,EO,,Ep Op,0,
FOCUS_PUNCH,FIGHTING,150,20,P,,Pp,0,FOCUS_ENERGY
NATURE_POWER,NORMAL,0,20,,Y,,0,
CHARGE,ELECTRIC,0,20,C,,Cs,CHARGE,
ROLE_PLAY,PSYCHIC,0,10,,Y,,0,
WISH,NORMAL,0,10,Y,,Ys,0,
ASSIST,NORMAL,0,20,,Y,,0,
INGRAIN,GRASS,0,20,GY,,Gs Ys,0,
SUPERPOWER,FIGHTING,120,5,X,,Xp,0,LOCK_ON
MAGIC_COAT,PSYCHIC,0,15,Y,,Ys,0,
REVENGE,FIGHTING,60,10,EK,,Ep Kp,0,
BRICK_BREAK,FIGHTING,75,15,KL,,Kp Lp,0,FOCUS_ENERGY
YAWN,NORMAL,0,10,Z,Y,Zs,YAWN,
KNOCK_OFF,DARK,20,20,NL,Y,Np Lx,0,FAKE_OUT
ENDEAVOR,NORMAL,1,5,E,,Ep,0,ENDURE
ERUPTION,FIRE,150,5,S,,Sp,0,ENDURE EARTHQUAKE SUNNY_DAY
SKILL_SWAP,PSYCHIC,0,10,,Y,,0,
REFRESH,NORMAL,0,20,Y,Y,Ys,0,WATER_SPORT SING
SECRET_POWER,NORMAL,70,20,QN,,Qx Nx,0,
DIVE,WATER,60,10,RA,,Rp Ax,DIVE,RAIN_DANCE SURF
ARM_THRUST,FIGHTING,15,20,KF,Y,Kp Fp,0,FOCUS_ENERGY FAKE_OUT
CAMOUFLAGE,NORMAL,0,20,,Y,,0,
TAIL_GLOW,BUG,0,20,UM,,Us Ms,0,
LUSTER_PURGE,PSYCHIC,70,5,M,,Mp,0,CALM_MIND
MIST_BALL,PSYCHIC,70,5,M,,Mp,0,CALM_MIND
FEATHER_DANCE,FLYING,0,15,WD,,Ws Ds,0,
TEETER_DANCE,NORMAL,0,20,VDZ,,Vs Ds Zs,0,
BLAZE_KICK,FIRE,85,10,KS,,Kp Sp,0,SUNNY_DAY
MUD_SPORT,GROUND,0,15,QR,Y,Qs Rs,MUD_SPORT,MUD_SLAP WATER_SPORT
ICE_BALL,ICE,30,20,IF,,Ip Fp,0,
NEEDLE_ARM,GRASS,60,15,GA,,Gp Ap,0,
SLACK_OFF,NORMAL,0,10,Y,,Ys,0,YAWN
HYPER_VOICE,NORMAL,90,10,V,,Vp,0,
POISON_FANG,POISON,50,15,ON,,Op Np,0,
CRUSH_CLAW,NORMAL,75,10,LU,,Lp Up,0,SWORDS_DANCE
BLAST_BURN,FIRE,150,5,X,,Xp,0,SUNNY_DAY
HYDRO_CANNON,WATER,150,5,X,,Xp,0,RAIN_DANCE
METEOR_MASH,STEEL,100,10,P,,Pp,0,
ASTONISH,GHOST,30,15,AN,Y,As Nx,0,
WEATHER_BALL,NORMAL,50,10,RSIQ,,Rp Sp Ip Qp,0,RAIN_DANCE SUNNY_DAY HAIL SANDSTORM
AROMATHERAPY,GRASS,0,5,YG,,Ys Gs,0,
FAKE_TEARS,DARK,0,20,LN,,Ls Ns,0,
AIR_CUTTER,FLYING,55,25,WU,,Wp Up,0,
OVERHEAT,FIRE,140,5,X,,Xp,0,SUNNY_DAY
ROCK_TOMB,ROCK,50,10,QT,,Qp Ts,0,ROCK_THROW
SILVER_WIND,BUG,60,5,W,,Wp,0,
METAL_SOUND,STEEL,0,40,VL,,Vs Ls,METAL_SOUND,
GRASS_WHISTLE,GRASS,0,15,ZG,Y,Zs Gs,0,
TICKLE,NORMAL,0,20,LY,Y,Ls Ys,0,
COSMIC_POWER,PSYCHIC,0,20,HM,,Hs Ms,0,
WATER_SPOUT,WATER,150,5,R,,Rp,0,RAIN_DANCE
SIGNAL_BEAM,BUG,75,15,ZM,,Zs Mp,0,
SHADOW_PUNCH,GHOST,60,20,PN,,Pp Np,0,
EXTRASENSORY,PSYCHIC,80,30,M,,Mp,0,
SKY_UPPERCUT,FIGHTING,85,15,P,,Pp,0,FOCUS_ENERGY
SAND_TOMB,GROUND,15,15,BQ,,Bs Qs,0,SANDSTORM
MUDDY_WATER,WATER,95,10,R,,Rp,0,RAIN_DANCE
BULLET_SEED,GRASS,10,30,GF,Y,Gp Fp,0,GROWTH
AERIAL_ACE,FLYING,60,20,WA,,Wp Ap,0,
ICICLE_SPEAR,ICE,10,30,IF,Y,Ip Fp,0,
IRON_DEFENSE,STEEL,0,15,H,,Hs,0,
HOWL,NORMAL,0,40,UV,Y,Us Vs,0,
DRAGON_CLAW,DRAGON,80,15,U,,Up,0,DRAGON_BREATH DRAGON_RAGE DRAGON_DANCE
FRENZY_PLANT,GRASS,150,5,X,,Xp,0,GROWTH
BULK_UP,FIGHTING,0,20,KP,,Ks Ps,0,
BOUNCE,FLYING,85,5,W,,Wp,0,
MUD_SHOT,GROUND,55,15,QT,,Qp Ts,0,
POISON_TAIL,POISON,50,25,OU,,Op Up,0,
COVET,NORMAL,40,40,NY,Y,Np Yx,0,
VOLT_TACKLE,ELECTRIC,120,15,C,,Cp,0,CHARGE
MAGICAL_LEAF,GRASS,60,20,GT,,Gp Tx,0,GROWTH
WATER_SPORT,WATER,0,15,RY,Y,Rs Ys,WATER_SPORT,RAIN_DANCE MUD_SPORT
CALM_MIND,PSYCHIC,0,20,M,,Ms,CALM_MIND,
LEAF_BLADE,GRASS,70,15,GU,,Gp Up,0,
DRAGON_DANCE,DRAGON,0,20,DU,,Ds Us,DRAGON_DANCE,DRAGON_RAGE DRAGON_BREATH
ROCK_BLAST,ROCK,25,10,QF,,Qp Fp,0,
SHOCK_WAVE,ELECTRIC,60,20,CT,,Cp Tx,0,CHARGE
WATER_PULSE,WATER,60,20,RZ,,Rp Zs,0,RAIN_DANCE
DOOM_DESIRE,STEEL,120,5,M,,Mp,0,
PSYCHO_BOOST,PSYCHIC,140,5,X,,Xp,0,CALM_MIND
